{
    "persona.gender": {
        "남자": 0.4302786107752459,
        "여자": 0.5697213892247542
    },
    "persona.age": {
        "20대": 0.18959608999759894,
        "30대": 0.20115370255488713,
        "40대": 0.23727355008731685,
        "50대": 0.2517122326815024,
        "60대": 0.08902942988135186,
        "70대 이상": 0.031234994797342836
    },
    "persona.household_size": {
        "1인가구": 0.12996592964473963,
        "2인가구": 0.22076074786393954,
        "3인가구 이상": 0.6492733224913207
    },
    "persona.income": {
        "고소득(월 700만원 이상)": 0.38541728036458234,
        "저소득(월 300만원 미만)": 0.09591436945503654,
        "중간소득(월 300~700만원 미만)": 0.5186683501803813
    }
}