{
  "persona.gender": {
    "남성": 0.48972844538837484,
    "여성": 0.5102715546116252
  },
  "persona.age": {
    "20대": 0.1548919799917889,
    "30대": 0.16433406022139174,
    "40대": 0.19978853403740185,
    "50대": 0.21985790468720173,
    "60대": 0.1675627362578381,
    "70대 이상": 0.09356478480437752
  },
  "persona.household_size": {
    "1인가구": 0.13990098073755244,
    "2인가구": 0.29829742088973005,
    "3인가구 이상": 0.5618015983727176
  },
  "persona.income": {
    "고소득(월 700만원 이상)": 0.3017290245050622,
    "저소득(월 300만원 미만)": 0.21146345874524652,
    "중간소득(월 300~700만원 미만)": 0.48680751674969125
  }
}