{
    "persona.gender": {
        "남자": 0.44349512523898277,
        "여자": 0.5565048747610172
    },
    "persona.age": {
        "20대": 0.13409748609993644,
        "30대": 0.17223109841869638,
        "40대": 0.2090154198916357,
        "50대": 0.22428997643603918,
        "60대": 0.1597420400887409,
        "70대 이상": 0.10062397906495146
    },
    "persona.household_size": {
        "1인가구": 0.08828425157859791,
        "2인가구": 0.30531920320276207,
        "3인가구 이상": 0.60639654521864
    },
    "persona.income": {
        "고소득(월 700만원 이상)": 0.3389361134084937,
        "저소득(월 300만원 미만)": 0.11422671050004163,
        "중간소득(월 300~700만원 미만)": 0.5468371760914646
    }
}