{
    "persona.gender": {
        "남자": 0.5010936286624369,
        "여자": 0.498906371337563
    },
    "persona.age": {
        "20대": 0.15805714310395325,
        "30대": 0.16980457027352336,
        "40대": 0.2161580193223684,
        "50대": 0.2325570264546014,
        "60대": 0.15314722520926563,
        "70대 이상": 0.0702760156362879
    },
    "persona.household_size": {
        "1인가구": 0.1122716271238714,
        "2인가구": 0.280226570090722,
        "3인가구 이상": 0.6075018027854066
    },
    "persona.income": {
        "고소득(월 700만원 이상)": 0.33777847196444516,
        "저소득(월 300만원 미만)": 0.10478138593461436,
        "중간소득(월 300~700만원 미만)": 0.5574401421009406
    }
}