{
    "persona.gender": {
        "남자": 0.4855267238461837,
        "여자": 0.5144732761538163
    },
    "persona.age": {
        "20대": 0.18499938642778635,
        "30대": 0.19627678793799405,
        "40대": 0.2386227886956162,
        "50대": 0.2508352757141955,
        "60대": 0.10996321080780437,
        "70대 이상": 0.01930255041660359
    },
    "persona.household_size": {
        "1인가구": 0.13148663961102502,
        "2인가구": 0.2319311454578952,
        "3인가구 이상": 0.6365822149310798
    },
    "persona.income": {
        "고소득(월 700만원 이상)": 0.37921738783648884,
        "저소득(월 300만원 미만)": 0.1064192521084479,
        "중간소득(월 300~700만원 미만)": 0.5143633600550633
    }
}